"Error getting county for: (34.095334, -118.155482): 'county'"
"Error getting county for: (39.3020313, -76.6458942): 'county'"
"Error getting county for: (38.8051095, -77.0470229): 'county'"
"Error getting county for: (34.1046192, -118.3461793): 'county'"
"Error getting county for: (34.0590536, -118.2634858): 'county'"
"Error getting county for: (36.92953, -76.2018008): 'county'"
"Error getting county for: (40.6343266, -73.9625806): 'county'"
"Error getting county for: (34.1427679, -117.93771): 'county'"
"Error getting county for: (40.8465665, -73.8918561): 'county'"
"Error getting county for: (34.5653955, -118.0428561): 'county'"
"Error getting county for: (34.0839459, -118.1947938): 'county'"
"Error getting county for: (34.0334785, -118.0472398): 'county'"
"Error getting county for: (39.775668, -104.902361): 'county'"
"Error getting county for: (37.7162639, -122.4402435): 'county'"
"Error getting county for: (33.9816761, -118.0241439): 'county'"
"Error getting county for: (39.7400166, -104.9787527): 'county'"
"Error getting county for: (33.9691982, -118.0897297): 'county'"
"Error getting county for: (34.1072128, -118.2721642): 'county'"
"Error getting county for: (33.8782509, -118.3662487): 'county'"
"Error getting county for: (34.2100733, -118.4617862): 'county'"
"Error getting county for: (39.91408, -105.0529793): 'county'"
"Error getting county for: (34.0442768, -118.1619252): 'county'"
"Error getting county for: (38.0684692, -78.8894682): 'county'"
"Error getting county for: (34.0151026, -118.4013861): 'county'"
"Error getting county for: (34.1135603, -118.1527937): 'county'"
"Error getting county for: (40.7335631, -73.895963): 'county'"
"Error getting county for: (36.8628204, -75.9813426): 'county'"
"Error getting county for: (34.0536909, -118.242766): 'county'"
"Error getting county for: (34.0536909, -118.242766): 'county'"
"Error getting county for: (39.2906052, -76.6300064): 'county'"
"Error getting county for: (34.0977433, -118.3269785): 'county'"
"Error getting county for: (37.5480755, -77.466423): 'county'"
"Error getting county for: (33.8299441, -118.3110348): 'county'"
"Error getting county for: (37.294908, -77.2928759): 'county'"
"Error getting county for: (34.1196971, -117.9338755): 'county'"
"Error getting county for: (34.1936736, -118.4291922): 'county'"
"Error getting county for: (34.1496471, -118.6645614): 'county'"
"Error getting county for: (38.6793947, -90.2612707): 'county'"
"Error getting county for: (38.5637598, -90.2502268): 'county'"
"Error getting county for: (39.7130185, -105.0191542): 'county'"
"Error getting county for: (36.8317063, -76.1910754): 'county'"
"Error getting county for: (34.0487091, -118.2588024): 'county'"
"Error getting county for: (39.7355082, -104.996116): 'county'"
"Error getting county for: (34.56303, -118.0583206): 'county'"
"Error getting county for: (39.3489504, -76.6694144): 'county'"
"Error getting county for: (38.566381, -90.242216): 'county'"
"Error getting county for: (33.960358, -118.351758): 'county'"
"Error getting county for: (38.5947471, -90.2379907): 'county'"
"Error getting county for: (40.7116489, -73.9439094): 'county'"
"Error getting county for: (34.0486624, -118.2588988): 'county'"
"Error getting county for: (34.0536909, -118.242766): 'county'"
"Error getting county for: (34.0835556, -118.3547412): 'county'"
"Error getting county for: (33.90191, -118.3047577): 'county'"
"Error getting county for: (34.1716761, -118.1554461): 'county'"
"Error getting county for: (43.6818665, -70.4392612): 'county'"
"Error getting county for: (34.121357, -118.262703): 'county'"
"Error getting county for: (34.0725213, -118.0981471): 'county'"
"Error getting county for: (38.6402905, -90.2302537): 'county'"
"Error getting county for: (46.3824127, -120.3064804): 'county'"
"Error getting county for: (39.729038, -104.9246551): 'county'"
"Error getting county for: (39.313316, -76.618446): 'county'"
"Error getting county for: (33.9745338, -118.3308994): 'county'"
"Error getting county for: (39.1744772, -119.724845): 'county'"
"Error getting county for: (39.738667, -105.0378269): 'county'"
"Error getting county for: (37.0442775, -76.395426): 'county'"
"Error getting county for: (34.0718244, -118.1745319): 'county'"
"Error getting county for: (34.2364321, -118.417777): 'county'"
"Error getting county for: (39.2922217, -76.5972145): 'county'"
"Error getting county for: (40.6912272, -73.7940016): 'county'"
"Error getting county for: (40.6912272, -73.7940016): 'county'"
"Error getting county for: (39.757399, -105.0104758): 'county'"
"Error getting county for: (40.6752022, -73.9193943): 'county'"
"Error getting county for: (38.6501155, -90.2408846): 'county'"
"Error getting county for: (34.1286613, -117.876993): 'county'"
"Error getting county for: (34.4393134, -118.574874): 'county'"
"Error getting county for: (38.848804, -76.9753457): 'county'"
"Error getting county for: (40.6180243, -74.082633): 'county'"
"Error getting county for: (33.7837711, -118.1340969): 'county'"
"Error getting county for: (33.78222, -118.279066): 'county'"
"Error getting county for: (40.885, -73.8463888): 'county'"
"Error getting county for: (33.9694779, -118.0730695): 'county'"
"Error getting county for: (34.7116168, -118.148321): 'county'"
"Error getting county for: (34.0720341, -118.0421374): 'county'"
"Error getting county for: (40.6839615, -73.9895714): 'county'"
"Error getting county for: (37.3146333, -79.9624383): 'county'"
"Error getting county for: (34.1721265, -118.4574561): 'county'"
"Error getting county for: (40.8821496, -73.8781355): 'county'"
"Error getting county for: (38.646255, -90.1926): 'county'"
"Error getting county for: (39.7290088, -105.0158972): 'county'"
"Error getting county for: (33.8076687, -118.2554864): 'county'"
"Error getting county for: (40.6677264, -73.9063174): 'county'"
"Error getting county for: (39.3708576, -76.6106788): 'county'"
"Error getting county for: (34.6684756, -118.0762036): 'county'"
"Error getting county for: (34.180039, -118.664875): 'county'"
"Error getting county for: (34.0977555, -118.3382322): 'county'"
"Error getting county for: (34.0650031, -118.0557791): 'county'"
"Error getting county for: (38.5642765, -90.2463334): 'county'"
"Error getting county for: (33.6175775, -85.0931177): HTTPSConnectionPool(host='nominatim.openstreetmap.org', port=443): Max retries exceeded with url: /reverse?lat=33.6175775&lon=-85.0931177&format=json&accept-language=en&addressdetails=1 (Caused by NameResolutionError(""<urllib3.connection.HTTPSConnection object at 0x132d109d0>: Failed to resolve 'nominatim.openstreetmap.org' ([Errno 8] nodename nor servname provided, or not known)""))"
"Error getting county for: (58.3810433, -134.581786): 'county'"
"Error getting county for: (39.7001049, -105.0299665): 'county'"
"Error getting county for: (34.0084383, -118.4136894): 'county'"
"Error getting county for: (36.776002, -75.9904576): 'county'"
"Error getting county for: (39.322154, -76.5491801): 'county'"
"Error getting county for: (33.7926708, -118.1805584): 'county'"
"Error getting county for: (40.695956, -73.742734): 'county'"
"Error getting county for: (34.4158517, -118.5513492): 'county'"
"Error getting county for: (33.865587, -118.335098): 'county'"
"Error getting county for: (33.7652329, -118.1607234): 'county'"
"Error getting county for: (36.8631892, -75.9792438): 'county'"
"Error getting county for: (39.2879047, -76.5871651): 'county'"
"Error getting county for: (34.0608371, -117.7371422): 'county'"
"Error getting county for: (37.2555718, -77.4112016): 'county'"
"Error getting county for: (39.739977, -104.9492438): 'county'"
"Error getting county for: (43.6555599, -70.2645206): 'county'"
"Error getting county for: (34.0332609, -118.1303262): 'county'"
"Error getting county for: (33.814422, -118.1824386): 'county'"
"Error getting county for: (34.1506931, -118.1131828): 'county'"
"Error getting county for: (34.1866902, -118.3768819): 'county'"
"Error getting county for: (34.6746374, -118.161524): 'county'"
"Error getting county for: (40.6526006, -73.9497211): 'county'"
"Error getting county for: (34.003919, -117.930254): 'county'"
"Error getting county for: (34.6981064, -118.1366153): 'county'"
"Error getting county for: (34.57922, -118.09219): 'county'"
"Error getting county for: (33.8901255, -118.3041875): 'county'"
"Error getting county for: (34.0753675, -117.7488973): 'county'"
"Error getting county for: (37.2917694, -79.9950507): 'county'"
"Error getting county for: (34.0553813, -117.7517496): 'county'"
"Error getting county for: (34.0234202, -117.7313256): 'county'"
"Error getting county for: (34.0272273, -118.3881657): 'county'"
"Error getting county for: (34.1866071, -118.5360452): 'county'"
"Error getting county for: (34.1709941, -118.1491016): 'county'"
"Error getting county for: (39.7800518, -104.9757692): 'county'"
"Error getting county for: (10.3069385, -72.9585428): 'county'"
"Error getting county for: (38.8463356, -77.0033466): 'county'"
"Error getting county for: (36.8309413, -76.0831427): 'county'"
"Error getting county for: (39.7320992, -104.9976157): 'county'"
"Error getting county for: (39.7415237, -105.0358284): 'county'"
"Error getting county for: (39.6730722, -104.9398892): 'county'"
"Error getting county for: (33.8282003, -118.2926046): 'county'"
"Error getting county for: (37.7720664, -122.4200241): 'county'"
"Error getting county for: (38.8151484, -77.0437535): 'county'"
"Error getting county for: (39.7114575, -104.9408256): 'county'"
"Error getting county for: (39.3079776, -76.6708747): 'county'"
"Error getting county for: (33.9418474, -118.0727814): 'county'"
"Error getting county for: (39.1591674, -78.1875453): 'county'"
"Error getting county for: (33.9350462, -118.3177801): 'county'"
"Error getting county for: (40.6636325, -73.7668134): 'county'"
"Error getting county for: (33.9883743, -117.9039111): 'county'"
"Error getting county for: (38.5859399, -90.2600936): 'county'"
"Error getting county for: (33.9418208, -118.3527266): 'county'"
"Error getting county for: (39.7306482, -104.9120164): 'county'"
"Error getting county for: (40.6624365, -73.9134108): 'county'"
"Error getting county for: (34.0758021, -118.0903438): 'county'"
"Error getting county for: (38.8899389, -77.0090505): 'county'"
"Error getting county for: (34.1874769, -118.1597297): 'county'"
"Error getting county for: (33.5188594, -81.8136418): 'county'"
"Error getting county for: (40.8924829, -73.8545006): 'county'"
"Error getting county for: (34.0099645, -118.2915575): 'county'"
"Error getting county for: (39.3043648, -76.644915): 'county'"
"Error getting county for: (36.6884282, -79.8563407): 'county'"
"Error getting county for: (33.784415, -118.1981021): 'county'"
"Error getting county for: (34.0637187, -118.0113366): 'county'"
"Error getting county for: (39.2875689, -76.6243563): 'county'"
"Error getting county for: (34.1956642, -118.337588): 'county'"
"Error getting county for: (36.8474278, -75.9769842): 'county'"
"Error getting county for: (34.0508618, -118.2642017): 'county'"
"Error getting county for: (33.8082665, -118.2021983): 'county'"
"Error getting county for: (38.8923272, -77.0068194): 'county'"
"Error getting county for: (40.8299863, -73.9140013): 'county'"
"Error getting county for: (34.2892233, -118.4383411): 'county'"
"Error getting county for: (34.0980643, -118.3615641): 'county'"
"Error getting county for: (34.0291312, -118.2980812): 'county'"
"Error getting county for: (34.5980209, -117.826773): 'county'"
"Error getting county for: (38.8776018, -77.0173133): 'county'"
"Error getting county for: (39.718153, -105.0396997): 'county'"
"Error getting county for: (39.3108997, -76.5928393): 'county'"
"Error getting county for: (34.051522, -118.129807): 'county'"
"Error getting county for: (39.6732798, -105.0249917): 'county'"
"Error getting county for: (38.8455103, -76.9857761): 'county'"
"Error getting county for: (39.710821, -105.0050173): 'county'"
"Error getting county for: (33.9733339, -118.0453354): 'county'"
"Error getting county for: (39.7392364, -104.984862): 'county'"
"Error getting county for: (34.1412654, -117.9179433): 'county'"
"Error getting county for: (34.2413266, -118.4322047): 'county'"
"Error getting county for: (40.696274, -73.9179192): 'county'"
"Error getting county for: (34.0099809, -118.4272718): 'county'"
"Error getting county for: (34.1333126, -117.8615081): 'county'"
"Error getting county for: (39.3512541, -76.5463621): 'county'"
"Error getting county for: (34.587948, -118.674879): 'county'"
"Error getting county for: (38.9089428, -77.0046839): 'county'"
"Error getting county for: (33.8389715, -118.3907513): 'county'"
"Error getting county for: (38.9181133, -77.0319607): 'county'"
"Error getting county for: (39.7904842, -104.8286813): 'county'"
"Error getting county for: (33.8036284, -118.1714192): 'county'"
"Error getting county for: (33.7690164, -118.191604): 'county'"
"Error getting county for: (34.0811213, -118.1778495): 'county'"
"Error getting county for: (34.3721009, -118.570025): 'county'"
"Error getting county for: (34.036216, -118.3218429): 'county'"
"Error getting county for: (34.0536909, -118.242766): 'county'"
"Error getting county for: (33.9996171, -118.0684522): 'county'"
"Error getting county for: (34.0536909, -118.242766): 'county'"
"Error getting county for: (38.8420938, -76.98818): 'county'"
"Error getting county for: (43.7247285, -70.244263): 'county'"
"Error getting county for: (37.7792588, -122.4193286): 'county'"
"Error getting county for: (34.0686208, -117.9389526): 'county'"
"Error getting county for: (34.1476507, -118.144155): 'county'"
"Error getting county for: (38.6280278, -90.1910154): 'county'"
"Error getting county for: (34.0536909, -118.242766): 'county'"
"Error getting county for: (34.0536909, -118.242766): 'county'"
"Error getting county for: (34.0536909, -118.242766): 'county'"
"Error getting county for: (34.0536909, -118.242766): 'county'"
"Error getting county for: (34.0536909, -118.242766): 'county'"
"Error getting county for: (37.7792588, -122.4193286): 'county'"
"Error getting county for: (34.0536909, -118.242766): 'county'"
"Error getting county for: (34.6981064, -118.1366153): 'county'"
"Error getting county for: (34.1338751, -117.9056046): 'county'"
"Error getting county for: (39.2908816, -76.610759): 'county'"
"Error getting county for: (37.5139926, -77.4032311): 'county'"
"Error getting county for: (34.5671076, -118.0064971): 'county'"
"Error getting county for: (37.7937147, -79.9888757): 'county'"
"Error getting county for: (38.7160869, -90.2414083): 'county'"
"Error getting county for: (34.2278023, -118.4516606): 'county'"
"Error getting county for: (34.1067913, -117.8902469): 'county'"
"Error getting county for: (34.1130264, -118.2531439): 'county'"
"Error getting county for: (38.9471205, -77.023811): 'county'"
"Error getting county for: (40.8498932, -73.8954744): 'county'"
"Error getting county for: (37.7641892, -122.3925166): 'county'"
"Error getting county for: (37.7641892, -122.3925166): 'county'"
"Error getting county for: (37.296088, -77.326003): 'county'"
"Error getting county for: (34.6893719, -118.1635872): 'county'"
"Error getting county for: (34.2587903, -118.4321397): 'county'"
"Error getting county for: (36.8915849, -76.3024723): 'county'"
"Error getting county for: (34.0536909, -118.242766): 'county'"
"Error getting county for: (34.0536909, -118.242766): 'county'"
"Error getting county for: (34.0536909, -118.242766): 'county'"
"Error getting county for: (33.7690164, -118.191604): 'county'"
"Error getting county for: (39.7892203, -104.9840557): 'county'"
"Error getting county for: (38.8950368, -77.0365427): 'county'"
"Error getting county for: (34.1476507, -118.144155): 'county'"
"Error getting county for: (46.4474055, -120.2617921): 'county'"
"Error getting county for: (33.9382167, -118.3090523): 'county'"
"Error getting county for: (38.6677397, -90.2899212): 'county'"
"Error getting county for: (34.0745734, -118.273609): 'county'"
"Error getting county for: (38.6508685, -90.1997966): 'county'"
"Error getting county for: (46.4245624, -120.3977528): 'county'"
"Error getting county for: (39.9251487, -105.0530252): 'county'"
"Error getting county for: (39.8320022, -104.7155123): 'county'"
"Error getting county for: (33.7768164, -118.2581215): 'county'"
"Error getting county for: (38.6046182, -90.2708809): 'county'"
"Error getting county for: (40.8788603, -73.8734881): 'county'"
"Error getting county for: (39.2988118, -76.6456838): 'county'"
"Error getting county for: (40.5770057, -74.0021642): 'county'"
"Error getting county for: (34.4278146, -118.5579833): 'county'"
"Error getting county for: (31.9887, 112.0476): 'county'"
"Error getting county for: (34.095334, -118.155482): 'county'"
"Error getting county for: (39.3020313, -76.6458942): 'county'"
"Error getting county for: (38.8051095, -77.0470229): 'county'"
"Error getting county for: (34.1046192, -118.3461793): 'county'"
"Error getting county for: (34.0590536, -118.2634858): 'county'"
"Error getting county for: (36.92953, -76.2018008): 'county'"
"Error getting county for: (40.6343266, -73.9625806): 'county'"
"Error getting county for: (34.1427679, -117.93771): 'county'"
"Error getting county for: (40.8465665, -73.8918561): 'county'"
"Error getting county for: (34.5653955, -118.0428561): 'county'"
"Error getting county for: (34.0839459, -118.1947938): 'county'"
"Error getting county for: (34.0334785, -118.0472398): 'county'"
"Error getting county for: (39.775668, -104.902361): 'county'"
"Error getting county for: (37.7162639, -122.4402435): 'county'"
"Error getting county for: (33.9816761, -118.0241439): 'county'"
"Error getting county for: (39.7400166, -104.9787527): 'county'"
"Error getting county for: (33.9691982, -118.0897297): 'county'"
"Error getting county for: (34.1072128, -118.2721642): 'county'"
"Error getting county for: (33.8782509, -118.3662487): 'county'"
"Error getting county for: (34.2100733, -118.4617862): 'county'"
"Error getting county for: (39.91408, -105.0529793): 'county'"
"Error getting county for: (34.0442768, -118.1619252): 'county'"
"Error getting county for: (38.0684692, -78.8894682): 'county'"
"Error getting county for: (34.0151026, -118.4013861): 'county'"
"Error getting county for: (34.1135603, -118.1527937): 'county'"
"Error getting county for: (40.7335631, -73.895963): 'county'"
"Error getting county for: (36.8628204, -75.9813426): 'county'"
"Error getting county for: (34.0536909, -118.242766): 'county'"
"Error getting county for: (34.0536909, -118.242766): 'county'"
"Error getting county for: (39.2906052, -76.6300064): 'county'"
"Error getting county for: (34.0977433, -118.3269785): 'county'"
"Error getting county for: (37.5480755, -77.466423): 'county'"
"Error getting county for: (33.8299441, -118.3110348): 'county'"
"Error getting county for: (37.294908, -77.2928759): 'county'"
"Error getting county for: (34.1196971, -117.9338755): 'county'"
"Error getting county for: (34.1936736, -118.4291922): 'county'"
"Error getting county for: (34.1496471, -118.6645614): 'county'"
"Error getting county for: (38.6793947, -90.2612707): 'county'"
"Error getting county for: (38.5637598, -90.2502268): 'county'"
"Error getting county for: (39.7130185, -105.0191542): 'county'"
"Error getting county for: (36.8317063, -76.1910754): 'county'"
"Error getting county for: (39.7355082, -104.996116): 'county'"
"Error getting county for: (34.56303, -118.0583206): 'county'"
"Error getting county for: (39.3489504, -76.6694144): 'county'"
"Error getting county for: (38.566381, -90.242216): 'county'"
"Error getting county for: (33.960358, -118.351758): 'county'"
"Error getting county for: (38.5947471, -90.2379907): 'county'"
"Error getting county for: (40.7116489, -73.9439094): 'county'"
"Error getting county for: (34.0486624, -118.2588988): 'county'"
"Error getting county for: (34.0536909, -118.242766): 'county'"
"Error getting county for: (34.0835556, -118.3547412): 'county'"
"Error getting county for: (33.90191, -118.3047577): 'county'"
"Error getting county for: (34.1716761, -118.1554461): 'county'"
"Error getting county for: (43.6818665, -70.4392612): 'county'"
"Error getting county for: (34.121357, -118.262703): 'county'"
"Error getting county for: (34.0725213, -118.0981471): 'county'"
"Error getting county for: (38.6402905, -90.2302537): 'county'"
"Error getting county for: (46.3824127, -120.3064804): 'county'"
"Error getting county for: (39.729038, -104.9246551): 'county'"
"Error getting county for: (39.313316, -76.618446): 'county'"
"Error getting county for: (33.9745338, -118.3308994): 'county'"
"Error getting county for: (39.1744772, -119.724845): 'county'"
"Error getting county for: (39.738667, -105.0378269): 'county'"
"Error getting county for: (37.0442775, -76.395426): 'county'"
"Error getting county for: (34.0718244, -118.1745319): 'county'"
"Error getting county for: (34.2364321, -118.417777): 'county'"
"Error getting county for: (39.2922217, -76.5972145): 'county'"
"Error getting county for: (40.6912272, -73.7940016): 'county'"
"Error getting county for: (40.6912272, -73.7940016): 'county'"
"Error getting county for: (39.757399, -105.0104758): 'county'"
"Error getting county for: (40.6752022, -73.9193943): 'county'"
"Error getting county for: (38.6501155, -90.2408846): 'county'"
"Error getting county for: (34.1286613, -117.876993): 'county'"
"Error getting county for: (34.4393134, -118.574874): 'county'"
"Error getting county for: (38.848804, -76.9753457): 'county'"
"Error getting county for: (40.6180243, -74.082633): 'county'"
"Error getting county for: (33.7837711, -118.1340969): 'county'"
"Error getting county for: (33.78222, -118.279066): 'county'"
"Error getting county for: (40.885, -73.8463888): 'county'"
"Error getting county for: (33.9694779, -118.0730695): 'county'"
"Error getting county for: (34.7116168, -118.148321): 'county'"
"Error getting county for: (34.0720341, -118.0421374): 'county'"
"Error getting county for: (40.6839615, -73.9895714): 'county'"
"Error getting county for: (37.3146333, -79.9624383): 'county'"
"Error getting county for: (34.1721265, -118.4574561): 'county'"
"Error getting county for: (40.8821496, -73.8781355): 'county'"
"Error getting county for: (38.646255, -90.1926): 'county'"
"Error getting county for: (39.7290088, -105.0158972): 'county'"
"Error getting county for: (33.8076687, -118.2554864): 'county'"
"Error getting county for: (40.6677264, -73.9063174): 'county'"
"Error getting county for: (39.3708576, -76.6106788): 'county'"
"Error getting county for: (34.6684756, -118.0762036): 'county'"
"Error getting county for: (34.180039, -118.664875): 'county'"
"Error getting county for: (34.0977555, -118.3382322): 'county'"
"Error getting county for: (34.0650031, -118.0557791): 'county'"
"Error getting county for: (38.5642765, -90.2463334): 'county'"
"Error getting county for: (58.3810433, -134.581786): 'county'"
"Error getting county for: (39.7001049, -105.0299665): 'county'"
"Error getting county for: (34.0084383, -118.4136894): 'county'"
"Error getting county for: (36.776002, -75.9904576): 'county'"
"Error getting county for: (39.322154, -76.5491801): 'county'"
"Error getting county for: (33.7926708, -118.1805584): 'county'"
"Error getting county for: (40.695956, -73.742734): 'county'"
"Error getting county for: (34.4158517, -118.5513492): 'county'"
"Error getting county for: (33.865587, -118.335098): 'county'"
"Error getting county for: (33.7652329, -118.1607234): 'county'"
"Error getting county for: (36.8631892, -75.9792438): 'county'"
"Error getting county for: (39.2879047, -76.5871651): 'county'"
"Error getting county for: (34.0608371, -117.7371422): 'county'"
"Error getting county for: (37.2555718, -77.4112016): 'county'"
"Error getting county for: (39.739977, -104.9492438): 'county'"
"Error getting county for: (43.6555599, -70.2645206): 'county'"
"Error getting county for: (34.0332609, -118.1303262): 'county'"
"Error getting county for: (33.814422, -118.1824386): 'county'"
"Error getting county for: (34.1506931, -118.1131828): 'county'"
"Error getting county for: (34.1866902, -118.3768819): 'county'"
"Error getting county for: (34.6746374, -118.161524): 'county'"
"Error getting county for: (40.6526006, -73.9497211): 'county'"
"Error getting county for: (34.003919, -117.930254): 'county'"
"Error getting county for: (34.6981064, -118.1366153): 'county'"
"Error getting county for: (34.57922, -118.09219): 'county'"
"Error getting county for: (33.8901255, -118.3041875): 'county'"
"Error getting county for: (34.0753675, -117.7488973): 'county'"
"Error getting county for: (37.2917694, -79.9950507): 'county'"
"Error getting county for: (34.0553813, -117.7517496): 'county'"
"Error getting county for: (34.0234202, -117.7313256): 'county'"
"Error getting county for: (34.0272273, -118.3881657): 'county'"
"Error getting county for: (34.1866071, -118.5360452): 'county'"
"Error getting county for: (34.1709941, -118.1491016): 'county'"
"Error getting county for: (39.7800518, -104.9757692): 'county'"
"Error getting county for: (10.4735311, -74.9524792): 'county'"
"Error getting county for: (38.8463356, -77.0033466): 'county'"
"Error getting county for: (36.8309413, -76.0831427): 'county'"
"Error getting county for: (39.7320992, -104.9976157): 'county'"
"Error getting county for: (39.7415237, -105.0358284): 'county'"
"Error getting county for: (39.6730722, -104.9398892): 'county'"
"Error getting county for: (33.8282003, -118.2926046): 'county'"
"Error getting county for: (37.7720664, -122.4200241): 'county'"
"Error getting county for: (38.8151484, -77.0437535): 'county'"
"Error getting county for: (39.7114575, -104.9408256): 'county'"
"Error getting county for: (39.3079776, -76.6708747): 'county'"
"Error getting county for: (33.9418474, -118.0727814): 'county'"
"Error getting county for: (39.1591674, -78.1875453): 'county'"
"Error getting county for: (33.9350462, -118.3177801): 'county'"
"Error getting county for: (40.6636325, -73.7668134): 'county'"
"Error getting county for: (33.9883743, -117.9039111): 'county'"
"Error getting county for: (38.5859399, -90.2600936): 'county'"
"Error getting county for: (33.9418208, -118.3527266): 'county'"
"Error getting county for: (39.7306482, -104.9120164): 'county'"
"Error getting county for: (40.6624365, -73.9134108): 'county'"
"Error getting county for: (34.0758021, -118.0903438): 'county'"
"Error getting county for: (38.8899389, -77.0090505): 'county'"
"Error getting county for: (34.1874769, -118.1597297): 'county'"
"Error getting county for: (40.8924829, -73.8545006): 'county'"
"Error getting county for: (34.0099645, -118.2915575): 'county'"
"Error getting county for: (39.3043648, -76.644915): 'county'"
"Error getting county for: (36.6884282, -79.8563407): 'county'"
"Error getting county for: (33.784415, -118.1981021): 'county'"
"Error getting county for: (34.0637187, -118.0113366): 'county'"
"Error getting county for: (39.2875689, -76.6243563): 'county'"
"Error getting county for: (34.1956642, -118.337588): 'county'"
"Error getting county for: (36.8474278, -75.9769842): 'county'"
"Error getting county for: (34.0508618, -118.2642017): 'county'"
"Error getting county for: (33.8082665, -118.2021983): 'county'"
"Error getting county for: (38.8923272, -77.0068194): 'county'"
"Error getting county for: (40.8299863, -73.9140013): 'county'"
"Error getting county for: (34.2892233, -118.4383411): 'county'"
"Error getting county for: (34.0980643, -118.3615641): 'county'"
"Error getting county for: (34.0291312, -118.2980812): 'county'"
"Error getting county for: (34.5980209, -117.826773): 'county'"
"Error getting county for: (38.8776018, -77.0173133): 'county'"
"Error getting county for: (39.718153, -105.0396997): 'county'"
"Error getting county for: (39.3108997, -76.5928393): 'county'"
"Error getting county for: (34.051522, -118.129807): 'county'"
"Error getting county for: (39.6732798, -105.0249917): 'county'"
"Error getting county for: (38.8455103, -76.9857761): 'county'"
"Error getting county for: (39.710821, -105.0050173): 'county'"
"Error getting county for: (33.9733339, -118.0453354): 'county'"
"Error getting county for: (39.7392364, -104.984862): 'county'"
"Error getting county for: (34.1412654, -117.9179433): 'county'"
"Error getting county for: (34.2413266, -118.4322047): 'county'"
"Error getting county for: (40.696274, -73.9179192): 'county'"
"Error getting county for: (34.0099809, -118.4272718): 'county'"
"Error getting county for: (34.1333126, -117.8615081): 'county'"
"Error getting county for: (39.3512541, -76.5463621): 'county'"
"Error getting county for: (34.587948, -118.674879): 'county'"
"Error getting county for: (38.9089428, -77.0046839): 'county'"
"Error getting county for: (33.8389715, -118.3907513): 'county'"
"Error getting county for: (38.9181133, -77.0319607): 'county'"
"Error getting county for: (39.7904842, -104.8286813): 'county'"
"Error getting county for: (33.8036284, -118.1714192): 'county'"
"Error getting county for: (33.7690164, -118.191604): 'county'"
"Error getting county for: (34.0811213, -118.1778495): 'county'"
"Error getting county for: (34.3721009, -118.570025): 'county'"
"Error getting county for: (34.036216, -118.3218429): 'county'"
"Error getting county for: (34.0536909, -118.242766): 'county'"
"Error getting county for: (33.9996171, -118.0684522): 'county'"
"Error getting county for: (34.0536909, -118.242766): 'county'"
"Error getting county for: (38.8420938, -76.98818): 'county'"
"Error getting county for: (43.7247285, -70.244263): 'county'"
"Error getting county for: (37.7792588, -122.4193286): 'county'"
"Error getting county for: (34.0686208, -117.9389526): 'county'"
"Error getting county for: (34.1476507, -118.144155): 'county'"
"Error getting county for: (38.6280278, -90.1910154): 'county'"
"Error getting county for: (34.0536909, -118.242766): 'county'"
"Error getting county for: (34.0536909, -118.242766): 'county'"
"Error getting county for: (34.0536909, -118.242766): 'county'"
"Error getting county for: (34.0536909, -118.242766): 'county'"
"Error getting county for: (34.0536909, -118.242766): 'county'"
"Error getting county for: (37.7792588, -122.4193286): 'county'"
"Error getting county for: (34.0536909, -118.242766): 'county'"
"Error getting county for: (34.6981064, -118.1366153): 'county'"
"Error getting county for: (34.1338751, -117.9056046): 'county'"
"Error getting county for: (39.2908816, -76.610759): 'county'"
"Error getting county for: (37.5139926, -77.4032311): 'county'"
"Error getting county for: (34.5671076, -118.0064971): 'county'"
"Error getting county for: (37.7937147, -79.9888757): 'county'"
"Error getting county for: (38.7160869, -90.2414083): 'county'"
"Error getting county for: (34.2278023, -118.4516606): 'county'"
"Error getting county for: (34.1067913, -117.8902469): 'county'"
"Error getting county for: (34.1130264, -118.2531439): 'county'"
"Error getting county for: (38.9471205, -77.023811): 'county'"
"Error getting county for: (40.8498932, -73.8954744): 'county'"
"Error getting county for: (37.7641892, -122.3925166): 'county'"
"Error getting county for: (37.7641892, -122.3925166): 'county'"
"Error getting county for: (37.296088, -77.326003): 'county'"
"Error getting county for: (34.6893719, -118.1635872): 'county'"
"Error getting county for: (34.2587903, -118.4321397): 'county'"
"Error getting county for: (36.8915849, -76.3024723): 'county'"
"Error getting county for: (34.0536909, -118.242766): 'county'"
"Error getting county for: (34.0536909, -118.242766): 'county'"
"Error getting county for: (34.0536909, -118.242766): 'county'"
"Error getting county for: (33.7690164, -118.191604): 'county'"
"Error getting county for: (39.7892203, -104.9840557): 'county'"
"Error getting county for: (38.8950368, -77.0365427): 'county'"
"Error getting county for: (34.1476507, -118.144155): 'county'"
"Error getting county for: (46.4474055, -120.2617921): 'county'"
"Error getting county for: (33.9382167, -118.3090523): 'county'"
"Error getting county for: (38.6677397, -90.2899212): 'county'"
"Error getting county for: (34.0745734, -118.273609): 'county'"
"Error getting county for: (38.6508685, -90.1997966): 'county'"
"Error getting county for: (46.4245624, -120.3977528): 'county'"
"Error getting county for: (39.9251487, -105.0530252): 'county'"
"Error getting county for: (39.8320022, -104.7155123): 'county'"
"Error getting county for: (33.7768164, -118.2581215): 'county'"
"Error getting county for: (38.6046182, -90.2708809): 'county'"
"Error getting county for: (40.8788603, -73.8734881): 'county'"
"Error getting county for: (39.2988118, -76.6456838): 'county'"
"Error getting county for: (40.5770057, -74.0021642): 'county'"
"Error getting county for: (34.4278146, -118.5579833): 'county'"
"Error getting county for: (31.9887, 112.0476): 'county'"
"Error getting county for: (34.095334, -118.155482): 'county'"
"Error getting county for: (39.3020313, -76.6458942): 'county'"
"Error getting county for: (38.8051095, -77.0470229): 'county'"
"Error getting county for: (34.1046192, -118.3461793): 'county'"
"Error getting county for: (34.0590536, -118.2634858): 'county'"
"Error getting county for: (36.92953, -76.2018008): 'county'"
"Error getting county for: (40.6343266, -73.9625806): 'county'"
"Error getting county for: (34.1427679, -117.93771): 'county'"
"Error getting county for: (40.8465665, -73.8918561): 'county'"
"Error getting county for: (34.5653955, -118.0428561): 'county'"
"Error getting county for: (34.0839459, -118.1947938): 'county'"
"Error getting county for: (34.0334785, -118.0472398): 'county'"
"Error getting county for: (39.775668, -104.902361): 'county'"
"Error getting county for: (37.7162639, -122.4402435): 'county'"
"Error getting county for: (33.9816761, -118.0241439): 'county'"
"Error getting county for: (39.7400166, -104.9787527): 'county'"
"Error getting county for: (33.9691982, -118.0897297): 'county'"
"Error getting county for: (34.1072128, -118.2721642): 'county'"
"Error getting county for: (33.8782509, -118.3662487): 'county'"
"Error getting county for: (34.2100733, -118.4617862): 'county'"
"Error getting county for: (39.91408, -105.0529793): 'county'"
"Error getting county for: (34.0442768, -118.1619252): 'county'"
"Error getting county for: (38.0684692, -78.8894682): 'county'"
"Error getting county for: (34.0151026, -118.4013861): 'county'"
"Error getting county for: (34.1135603, -118.1527937): 'county'"
"Error getting county for: (40.7335631, -73.895963): 'county'"
"Error getting county for: (36.8628204, -75.9813426): 'county'"
"Error getting county for: (34.0536909, -118.242766): 'county'"
"Error getting county for: (34.0536909, -118.242766): 'county'"
"Error getting county for: (39.2906052, -76.6300064): 'county'"
"Error getting county for: (34.0977433, -118.3269785): 'county'"
"Error getting county for: (37.5480755, -77.466423): 'county'"
"Error getting county for: (33.8299441, -118.3110348): 'county'"
"Error getting county for: (37.294908, -77.2928759): 'county'"
"Error getting county for: (34.1196971, -117.9338755): 'county'"
"Error getting county for: (34.1936736, -118.4291922): 'county'"
"Error getting county for: (34.1496471, -118.6645614): 'county'"
"Error getting county for: (38.6793947, -90.2612707): 'county'"
"Error getting county for: (38.5637598, -90.2502268): 'county'"
"Error getting county for: (39.7130185, -105.0191542): 'county'"
"Error getting county for: (36.8317063, -76.1910754): 'county'"
"Error getting county for: (39.7355082, -104.996116): 'county'"
"Error getting county for: (34.56303, -118.0583206): 'county'"
"Error getting county for: (39.3489504, -76.6694144): 'county'"
"Error getting county for: (38.566381, -90.242216): 'county'"
"Error getting county for: (33.960358, -118.351758): 'county'"
"Error getting county for: (38.5947471, -90.2379907): 'county'"
"Error getting county for: (40.7116489, -73.9439094): 'county'"
"Error getting county for: (34.0536909, -118.242766): 'county'"
"Error getting county for: (34.0835556, -118.3547412): 'county'"
"Error getting county for: (33.90191, -118.3047577): 'county'"
"Error getting county for: (34.1716761, -118.1554461): 'county'"
"Error getting county for: (43.6818665, -70.4392612): 'county'"
"Error getting county for: (34.121357, -118.262703): 'county'"
"Error getting county for: (34.0725213, -118.0981471): 'county'"
"Error getting county for: (38.6402905, -90.2302537): 'county'"
"Error getting county for: (46.3824127, -120.3064804): 'county'"
"Error getting county for: (39.729038, -104.9246551): 'county'"
"Error getting county for: (39.313316, -76.618446): 'county'"
"Error getting county for: (33.9745338, -118.3308994): 'county'"
"Error getting county for: (39.1744772, -119.724845): 'county'"
"Error getting county for: (39.738667, -105.0378269): 'county'"
"Error getting county for: (37.0442775, -76.395426): 'county'"
"Error getting county for: (34.0718244, -118.1745319): 'county'"
"Error getting county for: (34.2364321, -118.417777): 'county'"
"Error getting county for: (39.2922217, -76.5972145): 'county'"
"Error getting county for: (40.6912272, -73.7940016): 'county'"
"Error getting county for: (40.6912272, -73.7940016): 'county'"
"Error getting county for: (39.757399, -105.0104758): 'county'"
"Error getting county for: (40.6752022, -73.9193943): 'county'"
"Error getting county for: (38.6501155, -90.2408846): 'county'"
"Error getting county for: (34.1286613, -117.876993): 'county'"
"Error getting county for: (34.4393134, -118.574874): 'county'"
"Error getting county for: (38.848804, -76.9753457): 'county'"
"Error getting county for: (40.6180243, -74.082633): 'county'"
"Error getting county for: (33.7837711, -118.1340969): 'county'"
"Error getting county for: (33.78222, -118.279066): 'county'"
"Error getting county for: (40.885, -73.8463888): 'county'"
"Error getting county for: (33.9694779, -118.0730695): 'county'"
"Error getting county for: (34.7116168, -118.148321): 'county'"
"Error getting county for: (34.0720341, -118.0421374): 'county'"
"Error getting county for: (40.6839615, -73.9895714): 'county'"
"Error getting county for: (37.3146333, -79.9624383): 'county'"
"Error getting county for: (34.1721265, -118.4574561): 'county'"
"Error getting county for: (40.8821496, -73.8781355): 'county'"
"Error getting county for: (38.646255, -90.1926): 'county'"
"Error getting county for: (39.7290088, -105.0158972): 'county'"
"Error getting county for: (33.8076687, -118.2554864): 'county'"
"Error getting county for: (40.6677264, -73.9063174): 'county'"
"Error getting county for: (39.3708576, -76.6106788): 'county'"
"Error getting county for: (34.6684756, -118.0762036): 'county'"
"Error getting county for: (34.180039, -118.664875): 'county'"
"Error getting county for: (34.0977555, -118.3382322): 'county'"
"Error getting county for: (34.0650031, -118.0557791): 'county'"
"Error getting county for: (38.5642765, -90.2463334): 'county'"
"Error getting county for: (58.3810433, -134.581786): 'county'"
"Error getting county for: (39.7001049, -105.0299665): 'county'"
"Error getting county for: (34.0084383, -118.4136894): 'county'"
"Error getting county for: (36.776002, -75.9904576): 'county'"
"Error getting county for: (39.322154, -76.5491801): 'county'"
"Error getting county for: (33.7926708, -118.1805584): 'county'"
"Error getting county for: (40.695956, -73.742734): 'county'"
"Error getting county for: (34.4158517, -118.5513492): 'county'"
"Error getting county for: (33.865587, -118.335098): 'county'"
"Error getting county for: (33.7652329, -118.1607234): 'county'"
"Error getting county for: (36.8631892, -75.9792438): 'county'"
"Error getting county for: (39.2879047, -76.5871651): 'county'"
"Error getting county for: (34.0608371, -117.7371422): 'county'"
"Error getting county for: (37.2555718, -77.4112016): 'county'"
"Error getting county for: (39.739977, -104.9492438): 'county'"
"Error getting county for: (43.6555599, -70.2645206): 'county'"
"Error getting county for: (34.0332609, -118.1303262): 'county'"
"Error getting county for: (33.814422, -118.1824386): 'county'"
"Error getting county for: (34.1506931, -118.1131828): 'county'"
"Error getting county for: (34.1866902, -118.3768819): 'county'"
"Error getting county for: (34.6746374, -118.161524): 'county'"
"Error getting county for: (40.6526006, -73.9497211): 'county'"
"Error getting county for: (34.003919, -117.930254): 'county'"
"Error getting county for: (34.6981064, -118.1366153): 'county'"
"Error getting county for: (34.57922, -118.09219): 'county'"
"Error getting county for: (33.8901255, -118.3041875): 'county'"
"Error getting county for: (34.0753675, -117.7488973): 'county'"
"Error getting county for: (37.2917694, -79.9950507): 'county'"
"Error getting county for: (34.0553813, -117.7517496): 'county'"
"Error getting county for: (34.0234202, -117.7313256): 'county'"
"Error getting county for: (34.0272273, -118.3881657): 'county'"
"Error getting county for: (34.1866071, -118.5360452): 'county'"
"Error getting county for: (34.1709941, -118.1491016): 'county'"
"Error getting county for: (39.7800518, -104.9757692): 'county'"
"Error getting county for: (10.3069385, -72.9585428): 'county'"
"Error getting county for: (38.8463356, -77.0033466): 'county'"
"Error getting county for: (36.8309413, -76.0831427): 'county'"
"Error getting county for: (39.7320992, -104.9976157): 'county'"
"Error getting county for: (39.7415237, -105.0358284): 'county'"
"Error getting county for: (39.6730722, -104.9398892): 'county'"
"Error getting county for: (33.8282003, -118.2926046): 'county'"
"Error getting county for: (37.7720664, -122.4200241): 'county'"
"Error getting county for: (38.8151484, -77.0437535): 'county'"
"Error getting county for: (39.7114575, -104.9408256): 'county'"
"Error getting county for: (39.3079776, -76.6708747): 'county'"
"Error getting county for: (33.9418474, -118.0727814): 'county'"
"Error getting county for: (39.1591674, -78.1875453): 'county'"
"Error getting county for: (33.9350462, -118.3177801): 'county'"
"Error getting county for: (40.6636325, -73.7668134): 'county'"
"Error getting county for: (33.9883743, -117.9039111): 'county'"
"Error getting county for: (38.5859399, -90.2600936): 'county'"
"Error getting county for: (33.9418208, -118.3527266): 'county'"
"Error getting county for: (39.7306482, -104.9120164): 'county'"
"Error getting county for: (40.6624365, -73.9134108): 'county'"
"Error getting county for: (34.0758021, -118.0903438): 'county'"
"Error getting county for: (38.8899389, -77.0090505): 'county'"
"Error getting county for: (34.1874769, -118.1597297): 'county'"
"Error getting county for: (33.5188594, -81.8136418): 'county'"
"Error getting county for: (40.8924829, -73.8545006): 'county'"
"Error getting county for: (34.0099645, -118.2915575): 'county'"
"Error getting county for: (39.3043648, -76.644915): 'county'"
"Error getting county for: (36.6884282, -79.8563407): 'county'"
"Error getting county for: (33.784415, -118.1981021): 'county'"
"Error getting county for: (34.0637187, -118.0113366): 'county'"
"Error getting county for: (39.2875689, -76.6243563): 'county'"
"Error getting county for: (34.1956642, -118.337588): 'county'"
"Error getting county for: (36.8474278, -75.9769842): 'county'"
"Error getting county for: (34.0508618, -118.2642017): 'county'"
"Error getting county for: (33.8082665, -118.2021983): 'county'"
"Error getting county for: (38.8923272, -77.0068194): 'county'"
"Error getting county for: (40.8299863, -73.9140013): 'county'"
"Error getting county for: (34.2892233, -118.4383411): 'county'"
"Error getting county for: (34.0980643, -118.3615641): 'county'"
"Error getting county for: (34.0291312, -118.2980812): 'county'"
"Error getting county for: (34.5980209, -117.826773): 'county'"
"Error getting county for: (38.8776018, -77.0173133): 'county'"
"Error getting county for: (39.718153, -105.0396997): 'county'"
"Error getting county for: (39.3108997, -76.5928393): 'county'"
"Error getting county for: (34.051522, -118.129807): 'county'"
"Error getting county for: (39.6732798, -105.0249917): 'county'"
"Error getting county for: (38.8455103, -76.9857761): 'county'"
"Error getting county for: (39.710821, -105.0050173): 'county'"
"Error getting county for: (33.9733339, -118.0453354): 'county'"
"Error getting county for: (39.7392364, -104.984862): 'county'"
"Error getting county for: (34.1412654, -117.9179433): 'county'"
"Error getting county for: (34.2413266, -118.4322047): 'county'"
"Error getting county for: (40.696274, -73.9179192): 'county'"
"Error getting county for: (34.0099809, -118.4272718): 'county'"
"Error getting county for: (34.1333126, -117.8615081): 'county'"
"Error getting county for: (39.3512541, -76.5463621): 'county'"
"Error getting county for: (34.587948, -118.674879): 'county'"
"Error getting county for: (38.9089428, -77.0046839): 'county'"
"Error getting county for: (33.8389715, -118.3907513): 'county'"
"Error getting county for: (38.9181133, -77.0319607): 'county'"
"Error getting county for: (39.7904842, -104.8286813): 'county'"
"Error getting county for: (33.8036284, -118.1714192): 'county'"
"Error getting county for: (33.7690164, -118.191604): 'county'"
"Error getting county for: (34.0811213, -118.1778495): 'county'"
"Error getting county for: (34.3721009, -118.570025): 'county'"
"Error getting county for: (34.036216, -118.3218429): 'county'"
"Error getting county for: (34.0536909, -118.242766): 'county'"
"Error getting county for: (33.9996171, -118.0684522): 'county'"
"Error getting county for: (34.0536909, -118.242766): 'county'"
"Error getting county for: (38.8420938, -76.98818): 'county'"
"Error getting county for: (43.7247285, -70.244263): 'county'"
"Error getting county for: (37.7792588, -122.4193286): 'county'"
"Error getting county for: (34.0686208, -117.9389526): 'county'"
"Error getting county for: (34.1476507, -118.144155): 'county'"
"Error getting county for: (38.6280278, -90.1910154): 'county'"
"Error getting county for: (34.0536909, -118.242766): 'county'"
"Error getting county for: (34.0536909, -118.242766): 'county'"
"Error getting county for: (34.0536909, -118.242766): 'county'"
"Error getting county for: (34.0536909, -118.242766): 'county'"
"Error getting county for: (34.0536909, -118.242766): 'county'"
"Error getting county for: (37.7792588, -122.4193286): 'county'"
"Error getting county for: (34.0536909, -118.242766): 'county'"
"Error getting county for: (34.6981064, -118.1366153): 'county'"
"Error getting county for: (34.1338751, -117.9056046): 'county'"
"Error getting county for: (39.2908816, -76.610759): 'county'"
"Error getting county for: (37.5139926, -77.4032311): 'county'"
"Error getting county for: (34.5671076, -118.0064971): 'county'"
"Error getting county for: (37.7937147, -79.9888757): 'county'"
"Error getting county for: (38.7160869, -90.2414083): 'county'"
"Error getting county for: (34.2278023, -118.4516606): 'county'"
"Error getting county for: (34.1067913, -117.8902469): 'county'"
"Error getting county for: (34.1130264, -118.2531439): 'county'"
"Error getting county for: (38.9471205, -77.023811): 'county'"
"Error getting county for: (40.8498932, -73.8954744): 'county'"
"Error getting county for: (37.7641892, -122.3925166): 'county'"
"Error getting county for: (37.7641892, -122.3925166): 'county'"
"Error getting county for: (37.296088, -77.326003): 'county'"
"Error getting county for: (34.6893719, -118.1635872): 'county'"
"Error getting county for: (34.2587903, -118.4321397): 'county'"
"Error getting county for: (36.8915849, -76.3024723): 'county'"
"Error getting county for: (34.0536909, -118.242766): 'county'"
"Error getting county for: (34.0536909, -118.242766): 'county'"
"Error getting county for: (34.0536909, -118.242766): 'county'"
"Error getting county for: (33.7690164, -118.191604): 'county'"
"Error getting county for: (39.7892203, -104.9840557): 'county'"
"Error getting county for: (38.8950368, -77.0365427): 'county'"
"Error getting county for: (34.1476507, -118.144155): 'county'"
"Error getting county for: (46.4474055, -120.2617921): 'county'"
"Error getting county for: (33.9382167, -118.3090523): 'county'"
"Error getting county for: (38.6677397, -90.2899212): 'county'"
"Error getting county for: (34.0745734, -118.273609): 'county'"
"Error getting county for: (38.6508685, -90.1997966): 'county'"
"Error getting county for: (46.4245624, -120.3977528): 'county'"
"Error getting county for: (39.9251487, -105.0530252): 'county'"
"Error getting county for: (39.8320022, -104.7155123): 'county'"
"Error getting county for: (33.7768164, -118.2581215): 'county'"
"Error getting county for: (38.6046182, -90.2708809): 'county'"
"Error getting county for: (40.8788603, -73.8734881): 'county'"
"Error getting county for: (39.2988118, -76.6456838): 'county'"
"Error getting county for: (40.5770057, -74.0021642): 'county'"
"Error getting county for: (34.4278146, -118.5579833): 'county'"
"Error getting county for: (31.9887, 112.0476): 'county'"
